{
    "train": {
        "mse": 52671453.00867683,
        "rmse": 7257.510110821536,
        "mae": 4712.331597137234,
        "r2": 0.9939565033494535
    },
    "test": {
        "mse": 43744782.262375794,
        "rmse": 6613.983842010486,
        "mae": 4682.674997723937,
        "r2": 0.9947939435951871
    }
}