{
    "mae": 3761.277096113281,
    "rmse": 10419.370582286952,
    "r2": 0.9907211442780578,
    "mape": 2.948248621797055,
    "rmsle": 0.05679045423229839
}